"","airport","airport_lat","airport_long","sector","xmin","xmax","ymin","ymax","holding_time","turnaround_time","sector_capacity","ground_cost","air_cost","min_time","time_buffer","depart_capacity","arrival_capacity","sector_count","airspeed"
"1","A",2.32525607338175,3.85816144291312,1,0,5,0,5,0.5,0.5,3,5,10,0,60,5,3,3,3
"2",NA,4.75354166235775,7.27609618101269,2,5,10,0,5,0.5,0.5,3,5,10,0,60,5,3,3,3
"3","B",0.0711068417876959,13.4358510980383,3,10,15,0,5,0.5,0.5,3,5,10,0,60,5,3,3,3
"4","C",8.96062722196802,2.43965910747647,4,0,5,5,10,0.5,0.5,3,5,10,0,60,5,3,3,3
"5","D",6.07033030712046,6.5974982175976,5,5,10,5,10,0.5,0.5,3,5,10,0,60,5,3,3,3
"6","E",5.36192120751366,11.5495076286606,6,10,15,5,10,0.5,0.5,3,5,10,0,60,5,3,3,3
"7",NA,13.2777847431134,4.70436588744633,7,0,5,10,15,0.5,0.5,3,5,10,0,60,5,3,3,3
"8","F",12.8485989943147,7.57694731932133,8,5,10,10,15,0.5,0.5,3,5,10,0,60,5,3,3,3
"9","G",11.778665499296,11.6929752123542,9,10,15,10,15,0.5,0.5,3,5,10,0,60,5,3,3,3
