"","airport","airport_long","airport_lat","sector","xmin","xmax","ymin","ymax","sector_capacity","depart_capacity","arrival_capacity","sector_count"
"1","A",3.85816144291312,2.32525607338175,1,0,5,0,5,1,1,1,2
"2","B",7.27609618101269,4.75354166235775,2,5,10,0,5,1,1,1,2
"3","C",3.43585109803826,5.0711068417877,3,0,5,5,10,1,1,1,2
"4","D",7.43965910747647,8.96062722196802,4,5,10,5,10,1,1,1,2
